ID,Name,Age,Country,Salary,ExperienceYears,Remote,Department
1,Lucy,56,USA,30854,15,Yes,IT
2,Victoria,46,Azerbaijan,68623,11,Yes,HR
3,Benjamin,32,Germany,37392,18,No,Marketing
4,Luna,,USA,85680,13,No,Finance
5,Zoe,38,Brazil,76717,5,Yes,Design
6,Sebastian,56,Japan,117092,5,Yes,Design
7,Paisley,36,France,80859,12,No,Finance
8,Jaxon,40,Azerbaijan,56309,18,No,HR
9,Aiden,28,Brazil,117455,7,No,Design
10,Wyatt,28,France,93734,1,No,Marketing
11,Logan,41,France,100467,0,No,HR
12,Riley,53,USA,82662,14,Yes,Marketing
13,Elijah,,France,42688,0,No,IT
14,Emma,41,Japan,55342,4,Yes,HR
15,Jacob,20,Brazil,67157,15,Yes,Design
16,Grace,39,France,97863,18,Yes,HR
17,Scarlett,19,USA,82083,3,No,HR
18,Ellie,41,Japan,95733,2,Yes,HR
19,Oliver,47,Germany,119045,16,Yes,HR
20,Evelyn,55,Brazil,64698,16,No,Marketing
21,Olivia,19,France,110623,11,Yes,IT
22,Hunter,38,USA,52671,13,Yes,Finance
23,Christopher,50,Germany,55184,5,No,HR
24,Violet,29,Germany,72107,2,Yes,Design
25,Isaac,39,Azerbaijan,116202,8,Yes,HR
26,Anthony,42,Japan,81663,4,Yes,Design
27,Audrey,44,France,45708,16,No,Marketing
28,Thomas,59,USA,79811,13,No,Design
29,Ella,45,Azerbaijan,32811,2,No,Finance
30,Daniel,33,Japan,86250,0,Yes,IT
31,Luke,32,Azerbaijan,102082,19,Yes,Design
32,Mason,20,Brazil,64754,0,No,Design
33,Eleanor,54,Japan,41411,2,Yes,IT
34,Joseph,24,Japan,32911,17,Yes,Finance
35,Emilia,38,France,97270,9,No,HR
36,Bella,26,Japan,113763,2,No,Design
37,Leah,56,Azerbaijan,38680,7,Yes,IT
38,Aria,35,Japan,114896,13,Yes,Marketing
39,Caleb,21,France,113879,17,Yes,IT
40,Alexander,42,France,101295,14,No,Marketing
41,Liam,31,Brazil,118614,1,No,Finance
42,Claire,26,Azerbaijan,41111,9,No,HR
43,Nathan,43,Germany,67504,1,No,IT
44,Charles,19,Germany,31802,16,Yes,Design
45,David,37,Japan,38155,7,No,Finance
46,Zoé,45,Brazil,103656,0,No,IT
47,Gabriel,24,USA,69384,8,No,Design
48,Hazel,25,Japan,77254,10,No,IT
49,Noah,52,Brazil,51918,15,No,Marketing
50,Jack,31,Azerbaijan,115981,6,Yes,IT
51,Chloe,34,Azerbaijan,90713,9,Yes,IT
52,Ezra,53,Azerbaijan,60306,2,No,IT
53,Dylan,57,Azerbaijan,46646,17,Yes,Finance
54,Amelia,21,Azerbaijan,76843,12,No,IT
55,Julian,19,Brazil,46371,6,No,Design
56,Lucas,23,Brazil,107371,3,Yes,Marketing
57,Lillian,59,France,32049,12,Yes,Marketing
58,Carter,21,Germany,61616,19,No,IT
59,Zoey,46,Azerbaijan,50932,0,No,Finance
60,Charlotte,35,USA,59855,7,No,Finance
61,Hudson,43,Brazil,91434,13,Yes,Design
62,Isabella,51,USA,102694,15,No,IT
63,Natalie,27,USA,73016,13,No,Marketing
64,James,53,USA,37400,11,No,Finance
65,Brooklyn,,France,72642,18,Yes,IT
66,Adrian,48,Brazil,45151,14,No,Finance
67,Anna,32,USA,81407,1,No,Finance
68,Henry,25,Azerbaijan,96690,1,Yes,Marketing
69,Andrew,31,Japan,34499,18,No,HR
70,Jackson,40,USA,36295,16,No,Design
71,Lily,57,France,89040,19,Yes,Design
72,Joshua,38,Brazil,42183,9,No,Marketing
73,Matthew,33,France,59299,5,Yes,Finance
74,Mia,35,USA,42874,14,Yes,IT
75,Aurora,41,Brazil,62711,10,No,Finance
76,Everly,43,Japan,35539,4,No,Marketing
77,Christian,42,USA,83351,0,No,Design
78,Ryan,58,France,91267,7,No,Finance
79,Michael,46,Germany,78354,11,Yes,Design
80,Willow,32,Azerbaijan,32557,11,No,IT
81,Ava,18,France,68360,4,Yes,Design
82,Sophia,42,Brazil,112018,6,No,Design
83,Mila,24,USA,32200,3,No,HR
84,Layla,26,Azerbaijan,98497,5,No,HR
85,William,41,USA,76975,12,Yes,HR
86,Leo,18,Brazil,51357,19,No,Design
87,Savannah,25,USA,107505,14,No,Marketing
88,Stella,41,Germany,32869,2,No,Design
89,Hannah,28,Azerbaijan,91135,7,No,Marketing
90,Addison,34,Azerbaijan,80108,19,Yes,Marketing
91,Skylar,25,Brazil,68467,15,No,HR
92,John,52,Germany,53328,12,Yes,Finance
93,Samuel,52,France,116831,17,Yes,IT
94,Nora,50,USA,33987,9,Yes,HR
95,Penelope,22,Japan,88871,18,Yes,HR
96,Abigail,59,USA,52399,16,Yes,Finance
97,Harper,56,USA,76214,18,Yes,IT
98,Owen,58,France,116416,4,No,Design
99,Ethan,45,USA,100271,8,Yes,Design
100,Grayson,24,Germany,74064,11,Yes,HR
